,date,count_x,count_y,proportion,timestamp,adjusted_close
0,2020-01-02,13110,18,0.0013729977116704805,2020-01-02,6.31
1,2020-01-03,17229,7,0.00040629171745313133,2020-01-03,5.88
2,2020-01-06,12907,8,0.000619818703029364,2020-01-06,5.85
3,2020-01-07,14300,1,6.993006993006993e-05,2020-01-07,5.52
4,2020-01-08,24775,22,0.000887991927346115,2020-01-08,5.72
5,2020-01-09,16314,21,0.0012872379551305626,2020-01-09,5.55
6,2020-01-10,15383,11,0.0007150750828837027,2020-01-10,5.43
7,2020-01-13,16202,27,0.0016664609307492902,2020-01-13,5.43
8,2020-01-14,20111,47,0.0023370294863507535,2020-01-14,4.71
9,2020-01-15,21117,68,0.0032201543779892977,2020-01-15,4.61
10,2020-01-16,18655,16,0.0008576789064593943,2020-01-16,4.62
11,2020-01-17,17476,9,0.0005149919890135042,2020-01-17,4.75
12,2020-01-21,18472,11,0.0005954958856647899,2020-01-21,4.59
13,2020-01-22,21091,5,0.00023706794367265658,2020-01-22,4.56
14,2020-01-23,21402,2,9.344921035417251e-05,2020-01-23,4.62
15,2020-01-24,23193,127,0.0054757901090846375,2020-01-24,4.32
16,2020-01-27,24265,7,0.000288481351741191,2020-01-27,4.28
17,2020-01-28,25683,92,0.0035821360432971225,2020-01-28,4.21
18,2020-01-29,27949,25,0.0008944863859172063,2020-01-29,4.13
19,2020-01-30,6243,2,0.00032035880185808104,2020-01-30,3.93
20,2020-02-03,24316,8,0.0003290014805066623,2020-02-03,3.95
21,2020-02-04,45753,7,0.00015299543199353047,2020-02-04,4.07
22,2020-02-05,46257,17,0.0003675119441381845,2020-02-05,4.18
23,2020-02-06,38147,19,0.0004980732429810995,2020-02-06,4.14
24,2020-02-07,34271,16,0.00046686703043389454,2020-02-07,3.81
25,2020-02-10,32658,10,0.0003062036866923878,2020-02-10,3.94
26,2020-02-11,41484,9,0.00021695111368238358,2020-02-11,4.02
27,2020-02-12,37156,16,0.00043061685865001615,2020-02-12,4.19
28,2020-02-13,36104,10,0.00027697762020828715,2020-02-13,4.11
29,2020-02-14,31563,21,0.0006653359946773121,2020-02-14,4.02
30,2020-02-18,36224,122,0.003367932862190813,2020-02-18,4.06
31,2020-02-19,38465,16,0.00041596256336929677,2020-02-19,4.15
32,2020-02-20,51606,30,0.0005813277525869085,2020-02-20,4.14
33,2020-02-21,46435,22,0.0004737805534618284,2020-02-21,4.04
34,2020-02-24,47412,12,0.0002531004808909137,2020-02-24,3.7
35,2020-02-25,50083,16,0.0003194696803306511,2020-02-25,3.56
36,2020-02-26,54730,55,0.0010049333089713138,2020-02-26,3.39
37,2020-02-27,77138,21,0.00027223936321916565,2020-02-27,3.47
38,2020-02-28,84279,15,0.00017798027978499983,2020-02-28,3.6
39,2020-03-02,73455,20,0.00027227554284936354,2020-03-02,3.83
40,2020-03-03,65111,32,0.0004914684154751118,2020-03-03,3.63
41,2020-03-04,58548,31,0.0005294800847168136,2020-03-04,3.77
42,2020-03-05,60098,20,0.0003327897766980598,2020-03-05,3.96
43,2020-03-06,67916,28,0.00041227398551151425,2020-03-06,3.92
44,2020-03-09,94049,42,0.00044657572116662593,2020-03-09,3.7
45,2020-03-10,78032,43,0.0005510559770350625,2020-03-10,4.23
46,2020-03-11,81763,111,0.0013575822804936218,2020-03-11,4.14
47,2020-03-12,127584,64,0.0005016302984700275,2020-03-12,3.98
48,2020-03-13,130765,85,0.00065002103009215,2020-03-13,4.59
49,2020-03-16,147305,77,0.0005227249584196056,2020-03-16,4.37
50,2020-03-17,110345,74,0.0006706239521500748,2020-03-17,4.23
51,2020-03-18,132739,90,0.0006780222843324117,2020-03-18,3.77
52,2020-03-19,21565,8,0.0003709714815673545,2020-03-19,4.19
53,2020-03-20,100725,209,0.002074956564904443,2020-03-20,3.76
54,2020-03-23,97172,95,0.0009776478821059565,2020-03-23,3.81
55,2020-03-24,105615,148,0.0014013161009326326,2020-03-24,4.16
56,2020-03-25,111228,166,0.0014924299636782106,2020-03-25,4.17
57,2020-03-26,115547,333,0.0028819441439414265,2020-03-26,4.41
58,2020-03-27,94193,229,0.0024311785376832673,2020-03-27,4.22
59,2020-03-30,67587,53,0.000784174471422019,2020-03-30,3.65
60,2020-03-31,69341,35,0.0005047518783980618,2020-03-31,3.5
61,2020-04-01,69552,143,0.0020560156429721647,2020-04-01,3.25
62,2020-04-02,73295,79,0.0010778361416194828,2020-04-02,2.85
63,2020-04-03,62612,77,0.001229796205200281,2020-04-03,2.8
64,2020-04-06,57011,65,0.0011401308519408534,2020-04-06,3.09
65,2020-04-07,66208,27,0.00040780570323827937,2020-04-07,3.27
66,2020-04-08,45728,43,0.0009403428971308607,2020-04-08,3.41
67,2020-04-09,80749,99,0.0012260213748777075,2020-04-09,3.89
68,2020-04-13,59512,298,0.005007393466863826,2020-04-13,4.74
69,2020-04-14,68740,767,0.011157986616235089,2020-04-14,5.95
70,2020-04-15,68067,348,0.005112609634624708,2020-04-15,5.27
71,2020-04-16,77892,104,0.0013351820469367842,2020-04-16,5.03
72,2020-04-17,76040,155,0.002038400841662283,2020-04-17,4.88
73,2020-04-20,95460,308,0.003226482296249738,2020-04-20,5.61
74,2020-04-21,95087,100,0.001051668472030877,2020-04-21,4.78
75,2020-04-22,76197,107,0.0014042547606861163,2020-04-22,4.89
76,2020-04-23,75445,102,0.0013519782623102922,2020-04-23,4.7
77,2020-04-24,59080,30,0.0005077860528097495,2020-04-24,4.77
78,2020-04-27,56731,166,0.0029260897921771166,2020-04-27,5.82
79,2020-04-28,66421,113,0.0017012691769169388,2020-04-28,5.64
80,2020-04-29,74930,112,0.0014947284131856399,2020-04-29,6.04
81,2020-04-30,71371,159,0.0022277956032562244,2020-04-30,5.73
82,2020-05-01,65447,89,0.0013598789860497808,2020-05-01,6.05
83,2020-05-04,52391,51,0.000973449638296654,2020-05-04,5.48
84,2020-05-05,62355,37,0.0005933766337903937,2020-05-05,5.39
85,2020-05-06,59415,31,0.000521753765884036,2020-05-06,4.93
86,2020-05-07,64140,63,0.0009822263797942,2020-05-07,4.87
87,2020-05-08,57704,76,0.0013170664078746707,2020-05-08,4.98
88,2020-05-11,54371,20,0.0003678431516801236,2020-05-11,4.76
89,2020-05-12,66685,27,0.0004048886556197046,2020-05-12,4.54
90,2020-05-13,65179,16,0.0002454778379539422,2020-05-13,4.21
91,2020-05-14,63204,17,0.00026897031833428265,2020-05-14,4.13
92,2020-05-15,56115,19,0.00033859039472511804,2020-05-15,4.22
93,2020-05-18,61667,22,0.00035675482835227916,2020-05-18,4.58
94,2020-05-19,62430,36,0.0005766458433445459,2020-05-19,4.44
95,2020-05-20,61396,38,0.0006189328295002932,2020-05-20,4.43
96,2020-05-21,59709,47,0.0007871510157597682,2020-05-21,4.44
97,2020-05-22,10036,12,0.0011956954962136308,2020-05-22,4.18
98,2020-05-26,56492,23,0.0004071372937761099,2020-05-26,4.42
99,2020-05-27,60796,40,0.0006579380222383051,2020-05-27,4.69
100,2020-05-28,62920,38,0.0006039415130324221,2020-05-28,4.33
101,2020-05-29,64548,20,0.00030984693561380677,2020-05-29,4.06
102,2020-06-01,57932,42,0.0007249879168680521,2020-06-01,4.13
103,2020-06-02,61660,30,0.00048653908530651963,2020-06-02,4.18
104,2020-06-03,61832,31,0.0005013585198602665,2020-06-03,4.44
105,2020-06-04,57536,81,0.0014078142380422691,2020-06-04,4.47
106,2020-06-05,68114,74,0.0010864139530786623,2020-06-05,4.14
107,2020-06-08,73915,263,0.0035581411080294932,2020-06-08,5.01
108,2020-06-09,83256,888,0.010665897953300663,2020-06-09,4.96
109,2020-06-10,88952,482,0.005418652756542855,2020-06-10,5.07
110,2020-06-11,109267,135,0.0012355056879021114,2020-06-11,4.37
111,2020-06-12,90265,70,0.0007754943776657619,2020-06-12,4.72
112,2020-06-15,87764,44,0.00050134451483524,2020-06-15,4.69
113,2020-06-16,86877,32,0.0003683368440438781,2020-06-16,4.64
114,2020-06-17,71022,61,0.000858888795021261,2020-06-17,4.76
115,2020-06-18,66986,80,0.0011942794016660198,2020-06-18,4.95
116,2020-06-19,62425,87,0.001393672406888266,2020-06-19,4.88
117,2020-06-22,51950,39,0.0007507218479307026,2020-06-22,4.87
118,2020-06-23,60844,30,0.000493064229833673,2020-06-23,4.83
119,2020-06-24,62394,16,0.00025643491361348846,2020-06-24,4.41
120,2020-06-25,63376,25,0.00039447109315829333,2020-06-25,4.46
121,2020-06-26,65331,21,0.0003214400514304082,2020-06-26,4.35
122,2020-06-29,51366,11,0.00021414943737102363,2020-06-29,4.38
123,2020-06-30,50978,9,0.00017654674565498844,2020-06-30,4.34
124,2020-07-01,50914,49,0.0009624071964489139,2020-07-01,4.44
125,2020-07-02,51243,18,0.0003512674901937826,2020-07-02,4.29
126,2020-07-06,52325,14,0.00026755852842809364,2020-07-06,4.24
127,2020-07-07,54750,19,0.0003470319634703196,2020-07-07,4.09
128,2020-07-08,55446,15,0.00027053349204631536,2020-07-08,4.26
129,2020-07-09,60171,17,0.0002825281281680544,2020-07-09,4.21
130,2020-07-10,58613,13,0.00022179380001023663,2020-07-10,4.34
131,2020-07-13,74510,11,0.00014763119044423567,2020-07-13,4.26
132,2020-07-14,71612,22,0.000307211081941574,2020-07-14,4.08
133,2020-07-15,74846,68,0.0009085321860887689,2020-07-15,4.19
134,2020-07-16,68846,40,0.0005810068849315865,2020-07-16,4.17
135,2020-07-17,54512,19,0.00034854710889345463,2020-07-17,3.96
136,2020-07-20,52049,17,0.00032661530480893004,2020-07-20,3.85
137,2020-07-21,54364,31,0.0005702302994628799,2020-07-21,4.01
138,2020-07-22,60283,17,0.00028200321815437186,2020-07-22,4.11
139,2020-07-23,58491,9,0.00015386982612709647,2020-07-23,4.11
140,2020-07-24,50066,14,0.00027963088722885793,2020-07-24,4.03
141,2020-07-27,46710,10,0.00021408691928923143,2020-07-27,4.01
142,2020-07-28,51580,15,0.0002908103916246607,2020-07-28,3.94
143,2020-07-29,56767,16,0.0002818538939877041,2020-07-29,4.06
144,2020-07-30,65406,37,0.0005656973366357826,2020-07-30,4.1
145,2020-07-31,55318,18,0.0003253913735131422,2020-07-31,4.01
146,2020-08-03,7623,2,0.0002623638987275351,2020-08-03,4.15
147,2020-08-04,52307,55,0.0010514845049419772,2020-08-04,4.43
148,2020-08-05,57777,51,0.0008827041902487149,2020-08-05,4.63
149,2020-08-06,60722,21,0.00034583841111952835,2020-08-06,4.43
150,2020-08-07,60087,19,0.00031620816482766655,2020-08-07,4.16
151,2020-08-10,50188,16,0.00031880130708535905,2020-08-10,4.33
152,2020-08-11,62323,10,0.00016045440688028498,2020-08-11,4.35
153,2020-08-12,54516,16,0.00029349181891554773,2020-08-12,4.52
154,2020-08-13,55645,19,0.0003414502650732321,2020-08-13,4.64
155,2020-08-14,46542,15,0.00032228954492716255,2020-08-14,4.75
156,2020-08-17,39357,14,0.00035571816957593314,2020-08-17,4.63
157,2020-08-18,46710,27,0.0005780346820809249,2020-08-18,4.81
158,2020-08-19,46342,38,0.0008199905053730956,2020-08-19,4.72
159,2020-08-20,48333,12,0.00024827757432809884,2020-08-20,4.61
160,2020-08-21,45882,54,0.0011769321302471558,2020-08-21,5.03
161,2020-08-24,47086,11,0.0002336150872870917,2020-08-24,4.87
162,2020-08-25,46467,15,0.000322809735941636,2020-08-25,4.98
163,2020-08-26,56487,17,0.0003009542018517535,2020-08-26,5.11
164,2020-08-27,25174,10,0.0003972352427107333,2020-08-27,5.25
165,2020-08-28,51522,33,0.0006405030860603237,2020-08-28,5.39
166,2020-08-31,51343,234,0.004557583312233411,2020-08-31,6.68
167,2020-09-01,69178,226,0.003266934574575732,2020-09-01,7.65
168,2020-09-02,79195,147,0.001856177789001831,2020-09-02,7.71
169,2020-09-03,92027,148,0.0016082236734871287,2020-09-03,7.82
170,2020-09-04,81689,45,0.0005508697621466783,2020-09-04,7.65
171,2020-09-08,68013,103,0.0015144163615779336,2020-09-08,7.7
172,2020-09-09,53406,354,0.006628468711380744,2020-09-09,7.35
173,2020-09-10,57274,160,0.002793588713901596,2020-09-10,6.23
174,2020-09-11,49061,40,0.0008153115509263977,2020-09-11,6.09
175,2020-09-14,48047,212,0.004412346244302453,2020-09-14,6.91
176,2020-09-15,54293,117,0.0021549739377083603,2020-09-15,7.09
177,2020-09-16,57988,637,0.01098503138580396,2020-09-16,8.68
178,2020-09-17,33323,1306,0.039192149566365575,2020-09-17,9.2
179,2020-09-18,52897,1359,0.025691438077773788,2020-09-18,9.47
180,2020-09-21,22769,33,0.0014493390135710835,2020-09-21,8.75
181,2020-09-22,28383,327,0.011520980868829933,2020-09-22,10.56
182,2020-09-23,55769,520,0.00932417651383385,2020-09-23,10.04
183,2020-09-24,43844,182,0.004151081105738527,2020-09-24,9.14
184,2020-09-25,27022,430,0.01591295981052476,2020-09-25,10.02
185,2020-09-28,34923,263,0.007530853592188529,2020-09-28,10.09
186,2020-09-29,39234,230,0.005862262323494928,2020-09-29,10.35
187,2020-09-30,54073,251,0.0046418730235052615,2020-09-30,10.2
188,2020-10-01,39607,310,0.00782689928547984,2020-10-01,9.77
189,2020-10-02,56935,133,0.002335997189777817,2020-10-02,9.39
190,2020-10-05,38264,126,0.003292912398076521,2020-10-05,9.46
191,2020-10-06,52025,66,0.001268620855358001,2020-10-06,9.13
192,2020-10-07,45381,57,0.0012560322601969987,2020-10-07,9.36
193,2020-10-08,48826,3354,0.06869290951542212,2020-10-08,13.49
194,2020-10-09,41791,5276,0.1262472781220837,2020-10-09,12.02
195,2020-10-12,42276,1024,0.024221780679345255,2020-10-12,11.8
196,2020-10-13,48367,955,0.019744867368246946,2020-10-13,11.88
197,2020-10-14,45209,953,0.021079873476520163,2020-10-14,12.25
198,2020-10-15,49608,2770,0.055837768101919046,2020-10-15,13.83
199,2020-10-16,43286,1478,0.03414498914198586,2020-10-16,13.31
200,2020-10-19,19889,528,0.026547337724370255,2020-10-19,13.91
201,2020-10-20,35050,503,0.0143509272467903,2020-10-20,13.86
202,2020-10-21,48686,524,0.010762847635870681,2020-10-21,14.1
203,2020-10-22,45163,1492,0.03303589221265195,2020-10-22,14.91
204,2020-10-23,42966,748,0.017409114183307733,2020-10-23,15.0
205,2020-10-26,40412,1105,0.02734336335741859,2020-10-26,13.45
206,2020-10-27,40169,1242,0.030919365680001993,2020-10-27,12.69
207,2020-10-28,52172,1005,0.019263206317564976,2020-10-28,11.82
208,2020-10-29,51644,679,0.013147703508636047,2020-10-29,11.73
209,2020-10-30,51379,983,0.019132330329512056,2020-10-30,10.47
210,2020-11-02,38902,175,0.004498483368464346,2020-11-02,10.75
211,2020-11-03,45210,298,0.00659146206591462,2020-11-03,11.57
212,2020-11-04,65736,238,0.0036205427771692834,2020-11-04,10.91
213,2020-11-06,14612,165,0.011292088694223925,2020-11-06,11.86
214,2020-11-09,62076,349,0.005622140601842902,2020-11-09,11.49
215,2020-11-10,51330,408,0.007948568088836937,2020-11-10,11.1
216,2020-11-11,42027,629,0.014966569110333833,2020-11-11,11.75
217,2020-11-12,51537,398,0.007722607059006151,2020-11-12,11.13
218,2020-11-13,53964,243,0.0045030020013342225,2020-11-13,11.01
219,2020-11-16,51293,607,0.011833973446669137,2020-11-16,12.06
220,2020-11-17,59278,351,0.005921252403927258,2020-11-17,11.63
221,2020-11-18,58900,277,0.004702886247877759,2020-11-18,11.57
222,2020-11-19,55959,579,0.01034686109473007,2020-11-19,12.46
223,2020-11-20,51888,803,0.01547563983965464,2020-11-20,12.71
224,2020-11-23,61114,998,0.016330137120790653,2020-11-23,13.9
225,2020-11-24,80459,992,0.012329260865782572,2020-11-24,13.67
226,2020-11-25,93301,1067,0.01143610465053965,2020-11-25,14.75
227,2020-11-27,86878,1898,0.021846727595018302,2020-11-27,16.08
228,2020-11-30,90296,8118,0.08990431469832551,2020-11-30,16.56
229,2020-12-01,85619,4726,0.05519802847498803,2020-12-01,15.8
230,2020-12-02,77529,3035,0.03914664190173999,2020-12-02,16.58
231,2020-12-03,44257,1147,0.025916804121381927,2020-12-03,16.12
232,2020-12-04,53398,2860,0.05356005842915465,2020-12-04,16.9
233,2020-12-07,64888,1570,0.02419553692516336,2020-12-07,16.35
234,2020-12-08,79388,10059,0.126706807074117,2020-12-08,16.94
235,2020-12-09,80554,6789,0.08427886883332919,2020-12-09,13.66
236,2020-12-10,68904,2003,0.029069429931498896,2020-12-10,14.12
237,2020-12-11,63816,1170,0.018333960135389245,2020-12-11,13.31
238,2020-12-14,58571,2281,0.03894418739649314,2020-12-14,12.72
239,2020-12-15,57699,1840,0.03188963413577359,2020-12-15,13.85
240,2020-12-16,59959,765,0.012758718457612702,2020-12-16,13.85
241,2020-12-17,60416,1118,0.018505031779661018,2020-12-17,14.83
242,2020-12-18,66283,1981,0.029886999683176683,2020-12-18,15.63
243,2020-12-21,71802,2170,0.0302219993872037,2020-12-21,15.53
244,2020-12-22,69848,5907,0.08456935058985225,2020-12-22,19.46
245,2020-12-23,68856,7652,0.11113047519460904,2020-12-23,20.57
246,2020-12-24,54134,4180,0.07721579783500203,2020-12-24,20.15
247,2020-12-28,63468,4998,0.07874834562299111,2020-12-28,20.99
248,2020-12-29,64007,5167,0.08072554564344525,2020-12-29,19.38
249,2020-12-30,53397,3412,0.06389872090192333,2020-12-30,19.26
250,2020-12-31,55984,4129,0.0737532152043441,2020-12-31,18.84
251,2021-01-04,59063,2781,0.04708531567986726,2021-01-04,17.25
252,2021-01-05,54448,3032,0.055686159271231266,2021-01-05,17.37
253,2021-01-06,89148,2649,0.029714631848162604,2021-01-06,18.36
254,2021-01-07,75646,1610,0.02128334611215398,2021-01-07,18.08
255,2021-01-08,79261,1870,0.023592939781229103,2021-01-08,17.69
256,2021-01-11,79317,5080,0.0640467995511681,2021-01-11,19.94
257,2021-01-12,71577,2810,0.03925842100115959,2021-01-12,19.95
258,2021-01-13,82859,17840,0.21530551901422898,2021-01-13,31.4
259,2021-01-14,60779,14402,0.23695684364665426,2021-01-14,39.91
260,2021-01-15,70889,14772,0.2083821185233252,2021-01-15,35.5
261,2021-01-19,1077,288,0.26740947075208915,2021-01-19,39.36
262,2021-01-20,1017,245,0.24090462143559488,2021-01-20,39.12
263,2021-01-21,843,201,0.23843416370106763,2021-01-21,43.03
264,2021-01-22,1627,533,0.3275968039336202,2021-01-22,65.01
265,2021-01-25,2024,723,0.35721343873517786,2021-01-25,76.79
266,2021-01-26,3683,1226,0.3328808036926419,2021-01-26,147.98
267,2021-01-27,5795,1877,0.32389991371872306,2021-01-27,347.51
268,2021-01-28,4297,1164,0.27088666511519666,2021-01-28,193.6
269,2021-01-29,3459,782,0.2260769008383926,2021-01-29,325.0
